Clust,Premiums Paid,Age,Days to Renew,Claims made,Income
0,22409.090909090908,55.90909090909091,242.8181818181818,40391.431771818185,158090.9090909091
1,12879.285714285714,42.114285714285714,76.62857142857143,8381.5358922,119200.0
2,23095.454545454544,66.0,66.0909090909091,14299.615909818182,146500.0
3,8844.736842105263,46.89473684210526,237.21052631578948,14858.14940326316,75605.26315789473
4,5618.75,37.708333333333336,60.541666666666664,3359.9673870833335,52750.0
