Clust,Murder,Assault,UrbanPop,Rape
0,13.937500000000002,243.625,53.75,21.4125
1,3.6000000000000005,78.53846153846153,52.07692307692308,12.176923076923078
2,5.852941176470588,141.1764705882353,73.6470588235294,19.335294117647063
3,10.966666666666667,264.0,76.5,33.60833333333334
