Clust,Premiums Paid,Age,Days to Renew,Claims made,Income
0,12972.79411764706,42.588235294117645,74.29411764705883,8378.419300794118,119852.94117647059
1,23095.454545454544,66.0,66.0909090909091,14299.615909818182,146500.0
2,23305.0,57.9,235.0,38737.784251,160450.0
3,9150.0,65.5,245.125,17512.951669625,61000.0
4,5555.555555555556,37.81481481481482,75.29629629629629,3564.5504246296296,52500.0
5,10285.0,31.3,244.3,19201.298811,102850.0
