Clust,Murder,Assault,UrbanPop,Rape
0,4.499999999999999,126.33333333333333,83.5,16.266666666666666
1,14.671428571428573,251.28571428571428,54.285714285714285,21.685714285714287
2,10.966666666666667,264.0,76.5,33.60833333333334
3,6.753333333333333,143.46666666666667,64.53333333333333,19.986666666666668
4,2.68,70.1,51.0,10.91
