clust,Murder,Assault,UrbanPop,Rape
0,5.857142857142857,143.42857142857142,70.71428571428571,19.571428571428573
1,11.0,269.45454545454544,76.36363636363636,32.81818181818182
2,2.3636363636363638,73.0,52.0,10.909090909090908
3,14.428571428571429,251.28571428571428,54.285714285714285,21.285714285714285
