clust,Murder,Assault,UrbanPop,Rape
0,13.875,252.75,53.5,24.125
1,5.8,140.4,70.35,18.65
2,2.3636363636363638,73.0,52.0,10.909090909090908
3,10.727272727272727,264.09090909090907,79.0909090909091,32.27272727272727
